{
  "sensortargets": [
    {
      "amplitude": 0.0034837916024218728, 
      "xPosCm": 1.5171486198487085, 
      "yPosCm": 11.166198880709556, 
      "zPosCm": 9.621330066754652
    }, 
    {
      "amplitude": 0.0017023807394174332, 
      "xPosCm": 129.6052528437035, 
      "yPosCm": -62.140185489902954, 
      "zPosCm": 113.7370604155074
    }, 
    {
      "amplitude": 0.0016537060319859096, 
      "xPosCm": -11.511680419922508, 
      "yPosCm": -7.423425712637326, 
      "zPosCm": 8.798382622924644
    }
  ]
}
